{"cameraMode":{"drawMode":0,"name":"Shaded","section":"Shading Mode"},"sceneLighting":true,"audioPlay":false,"sceneViewState":{"m_AlwaysRefresh":false,"showFog":true,"showSkybox":true,"showFlares":true,"showImageEffects":true,"showParticleSystems":true,"showVisualEffectGraphs":true,"m_FxEnabled":true},"in2DMode":false,"pivot":{"x":0.09719625115394592,"y":0.9312686324119568,"z":2.4365649223327638},"rotation":{"x":-0.10947875678539276,"y":0.6731358170509338,"z":-0.10172022879123688,"w":-0.7242889404296875},"size":3.9760749340057375,"orthographic":false}